title;worldwide_lifetime_gross;domestic_lifetime_gross;foreign_lifetime_gross;release_year
Avatar;$2,923,706,026;$785,221,649;73.1%;2009
Avengers: Endgame;$2,799,439,100;$858,373,000;69.3%;2019
Avatar: The Way of Water;$2,320,250,281;$684,075,767;70.5%;2022
Titanic;$2,264,750,694;$674,292,608;70.2%;1997
Star Wars: Episode VII - The Force Awakens;$2,071,310,218;$936,662,225;54.8%;2015
Avengers: Infinity War;$2,052,415,039;$678,815,482;66.9%;2018
Spider-Man: No Way Home;$1,952,723,719;$814,866,759;58.3%;2021
Inside Out 2;$1,698,451,580;$652,980,194;61.6%;2024
Jurassic World;$1,671,537,444;$653,406,625;60.9%;2015
The Lion King;$1,662,020,819;$543,638,043;67.3%;2019
The Avengers;$1,520,538,536;$623,357,910;59%;2012
Furious 7;$1,515,342,457;$353,007,020;76.7%;2015
Top Gun: Maverick;$1,495,696,292;$718,732,821;52%;2022
Frozen II;$1,453,683,476;$477,373,578;67.2%;2019
Barbie;$1,446,938,421;$636,238,421;56%;2023
Avengers: Age of Ultron;$1,405,018,048;$459,005,868;67.3%;2015
The Super Mario Bros. Movie;$1,360,847,665;$574,934,330;57.8%;2023
Black Panther;$1,349,926,083;$700,426,566;48.1%;2018
Harry Potter and the Deathly Hallows: Part 2;$1,342,499,744;$381,447,587;71.6%;2011
Deadpool & Wolverine;$1,338,057,499;$636,745,858;52.4%;2024
Star Wars: Episode VIII - The Last Jedi;$1,334,407,706;$620,181,382;53.5%;2017
Jurassic World: Fallen Kingdom;$1,310,469,037;$417,719,760;68.1%;2018
Frozen;$1,306,450,154;$400,953,009;69.3%;2013
Iron Man 3;$1,266,152,644;$409,013,994;67.7%;2013
Beauty and the Beast;$1,266,115,964;$504,481,165;60.2%;2017
Incredibles 2;$1,243,225,667;$608,581,744;51%;2018
The Fate of the Furious;$1,236,009,236;$226,008,385;81.7%;2017
Minions;$1,159,457,503;$336,045,770;71%;2015
Captain America: Civil War;$1,155,046,416;$408,084,349;64.7%;2016
Aquaman;$1,152,028,393;$335,104,314;70.9%;2018
The Lord of the Rings: The Return of the King;$1,138,263,151;$381,878,219;66.4%;2003
Spider-Man: Far from Home;$1,132,705,055;$391,283,774;65.5%;2019
Captain Marvel;$1,131,416,446;$426,829,839;62.3%;2019
Transformers: Dark of the Moon;$1,123,794,079;$352,390,543;68.6%;2011
The Dark Knight Rises;$1,114,975,066;$448,149,584;59.8%;2012
Skyfall;$1,108,594,137;$304,360,277;72.6%;2012
Transformers: Age of Extinction;$1,105,261,713;$245,439,076;77.8%;2014
Jurassic Park;$1,104,379,926;$407,185,075;63.1%;1993
Joker;$1,078,958,629;$335,477,657;68.9%;2019
Star Wars: Episode IX - The Rise of Skywalker;$1,077,022,372;$515,202,542;52.2%;2019
Toy Story 4;$1,073,841,394;$434,038,008;59.6%;2019
Toy Story 3;$1,067,316,101;$415,004,880;61.1%;2010
Pirates of the Caribbean: Dead Man's Chest;$1,066,179,747;$423,315,812;60.3%;2006
Rogue One: A Star Wars Story;$1,058,684,742;$533,539,991;49.6%;2016
Aladdin;$1,054,304,000;$355,559,216;66.3%;2019
Pirates of the Caribbean: On Stranger Tides;$1,046,721,266;$241,071,802;77%;2011
Star Wars: Episode I - The Phantom Menace;$1,046,515,409;$487,576,624;53.4%;1999
Despicable Me 3;$1,034,800,131;$264,624,300;74.4%;2017
Finding Dory;$1,029,266,989;$486,295,561;52.8%;2016
Harry Potter and the Sorcerer's Stone;$1,026,409,257;$318,886,962;68.9%;2001
Zootopia;$1,025,521,689;$341,268,248;66.7%;2016
Alice in Wonderland;$1,025,468,216;$334,191,110;67.4%;2010
The Hobbit: An Unexpected Journey;$1,017,107,150;$303,030,651;70.2%;2012
The Dark Knight;$1,009,053,678;$534,987,076;47%;2008
Jurassic World Dominion;$1,001,978,080;$376,851,080;62.4%;2022
The Lion King;$981,708,285;$424,979,720;56.7%;1994
Oppenheimer;$975,594,978;$329,862,540;66.2%;2023
Despicable Me 2;$970,766,005;$368,065,385;62.1%;2013
Despicable Me 4;$969,102,117;$361,004,205;62.8%;2024
The Jungle Book;$967,724,775;$364,001,123;62.4%;2016
Jumanji: Welcome to the Jungle;$962,544,585;$404,540,171;58%;2017
The Hobbit: The Battle of the Five Armies;$962,253,946;$255,138,261;73.5%;2014
Pirates of the Caribbean: At World's End;$961,691,209;$309,420,425;67.8%;2007
Harry Potter and the Deathly Hallows: Part 1;$960,897,696;$296,374,621;69.2%;2010
The Hobbit: The Desolation of Smaug;$959,079,095;$258,387,334;73.1%;2013
Doctor Strange in the Multiverse of Madness;$955,775,804;$411,331,607;57%;2022
Harry Potter and the Order of the Phoenix;$942,862,581;$292,382,727;69%;2007
Finding Nemo;$941,637,960;$380,843,261;59.6%;2003
Harry Potter and the Half-Blood Prince;$941,055,851;$302,334,374;67.9%;2009
Minions: The Rise of Gru;$940,203,765;$370,270,765;60.6%;2022
The Lord of the Rings: The Two Towers;$938,242,927;$345,518,923;63.2%;2002
Shrek 2;$932,406,549;$444,854,717;52.3%;2004
Bohemian Rhapsody;$910,813,521;$216,668,042;76.2%;2018
The Battle at Lake Changjin;$902,548,476;$342,411;100%;2021
Harry Potter and the Goblet of Fire;$897,468,952;$290,469,928;67.6%;2005
Spider-Man 3;$891,648,685;$337,281,992;62.2%;2007
The Lord of the Rings: The Fellowship of the Ring;$888,159,923;$319,372,078;64%;2001
Ice Age: Dawn of the Dinosaurs;$886,686,817;$196,573,705;77.8%;2009
Harry Potter and the Chamber of Secrets;$882,546,027;$262,641,637;70.2%;2002
Spider-Man: Homecoming;$880,944,210;$334,952,829;62%;2017
Spectre;$880,707,597;$200,074,609;77.3%;2015
Ice Age: Continental Drift;$877,244,782;$161,321,843;81.6%;2012
The Secret Life of Pets;$875,698,161;$368,623,860;57.9%;2016
Batman v Superman: Dawn of Justice;$874,362,803;$330,360,194;62.2%;2016
Wolf Warrior 2;$870,325,439;$2,721,100;99.7%;2017
The Hunger Games: Catching Fire;$865,011,746;$424,668,047;50.9%;2013
Guardians of the Galaxy Vol. 2;$863,756,903;$389,813,101;54.9%;2017
Black Panther: Wakanda Forever;$859,208,836;$453,829,060;47.2%;2022
Inside Out;$859,076,254;$356,461,711;58.5%;2015
Venom;$856,085,161;$213,515,506;75.1%;2018
Thor: Ragnarok;$855,301,806;$315,058,289;63.2%;2017
Star Wars: Episode III - Revenge of the Sith;$850,035,635;$380,270,577;55.3%;2005
The Twilight Saga: Breaking Dawn - Part 2;$848,593,948;$292,324,737;65.6%;2012
Guardians of the Galaxy Vol. 3;$845,555,777;$358,995,815;57.5%;2023
Inception;$839,030,630;$292,587,330;65.1%;2010
Transformers: Revenge of the Fallen;$836,303,693;$402,111,870;51.9%;2009
Spider-Man;$825,802,095;$407,774,549;50.6%;2002
Wonder Woman;$823,970,682;$412,845,172;49.9%;2017
Hi, Mom;$822,009,764;-;100%;2021
Independence Day;$817,400,891;$306,169,268;62.5%;1996
Fantastic Beasts and Where to Find Them;$816,037,575;$234,037,575;71.3%;2016
Coco;$814,641,172;$210,460,015;74.2%;2017
Harry Potter and the Prisoner of Azkaban;$808,485,409;$250,105,651;69.1%;2004
Shrek the Third;$808,308,862;$322,719,944;60.1%;2007
Jumanji: The Next Level;$801,693,929;$320,314,960;60%;2019
E.T. the Extra-Terrestrial;$797,307,407;$439,454,989;44.9%;1982
Pirates of the Caribbean: Dead Men Tell No Tales;$795,922,298;$172,558,876;78.3%;2017
Mission: Impossible - Fallout;$791,658,205;$220,159,104;72.2%;2018
2012;$791,217,826;$166,112,167;79%;2009
Fast & Furious 6;$788,683,342;$238,679,850;69.7%;2013
Indiana Jones and the Kingdom of the Crystal Skull;$786,636,033;$317,101,119;59.7%;2008
Deadpool 2;$785,896,632;$324,591,735;58.7%;2018
Spider-Man 2;$784,543,400;$374,337,514;52.3%;2004
Deadpool;$782,837,347;$363,070,709;53.6%;2016
Star Wars: Episode IV - A New Hope;$775,398,507;$460,998,507;40.6%;1977
No Time to Die;$774,153,007;$160,891,007;79.2%;2021
Guardians of the Galaxy;$773,350,376;$333,718,600;56.8%;2014
Gravity;$773,031,617;$274,092,705;64.5%;2013
The Batman;$772,319,315;$369,345,583;52.2%;2022
Thor: Love and Thunder;$760,928,081;$343,256,830;54.9%;2022
Fast & Furious Presents: Hobbs & Shaw;$760,732,926;$173,956,935;77.1%;2019
The Da Vinci Code;$760,006,945;$217,536,138;71.4%;2006
Maleficent;$759,853,685;$241,410,378;68.2%;2014
The Hunger Games: Mockingjay - Part 1;$759,159,711;$337,135,885;55.6%;2014
The Amazing Spider-Man;$758,707,722;$262,782,352;65.4%;2012
Shrek Forever After;$752,600,867;$238,736,787;68.3%;2010
Suicide Squad;$749,200,054;$325,100,054;56.6%;2016
Madagascar 3: Europe's Most Wanted;$746,921,274;$216,391,482;71%;2012
X-Men: Days of Future Past;$746,045,700;$233,921,534;68.6%;2014
The Chronicles of Narnia: The Lion, the Witch and the Wardrobe;$745,013,115;$291,710,957;60.8%;2005
Monsters University;$743,559,645;$268,492,764;63.9%;2013
The Matrix Reloaded;$741,847,937;$281,576,461;62%;2003
Up;$735,102,136;$293,004,164;60.1%;2009
Interstellar;$732,055,745;$188,020,017;74.3%;2014
F9: The Fast Saga;$726,229,501;$173,005,945;76.2%;2021
Ne Zha;$726,225,471;$3,695,533;99.5%;2019
The Amazing Spider-Man 2;$716,891,708;$203,605,622;71.6%;2014
Dune: Part Two;$714,444,358;$282,144,358;60.5%;2024
Captain America: The Winter Soldier;$714,421,503;$259,766,572;63.6%;2014
The Twilight Saga: Breaking Dawn - Part 1;$712,205,856;$281,287,133;60.5%;2011
The Twilight Saga: New Moon;$711,048,123;$297,816,253;58.1%;2009
Dawn of the Planet of the Apes;$710,644,566;$208,545,589;70.6%;2014
Transformers;$709,709,780;$319,246,193;55%;2007
Fast X;$704,875,015;$146,126,015;79.3%;2023
It;$704,242,888;$328,874,981;53.3%;2017
The Wandering Earth;$699,992,512;$5,971,413;99.2%;2019
The Twilight Saga: Eclipse;$698,513,085;$300,531,751;57%;2010
The Hunger Games;$695,220,619;$408,010,692;41.3%;2012
Mission: Impossible - Ghost Protocol;$694,713,380;$209,397,903;69.9%;2011
Spider-Man: Across the Spider-Verse;$690,824,738;$381,593,754;44.8%;2023
Detective Chinatown 3;$686,257,563;-;100%;2021
Mission: Impossible - Rogue Nation;$682,716,636;$195,042,377;71.4%;2015
Forrest Gump;$678,226,465;$330,455,270;51.3%;1994
Doctor Strange;$677,796,833;$232,641,920;65.7%;2016
The Sixth Sense;$672,806,432;$293,506,292;56.4%;1999
Full River Red;$670,491,959;-;100%;2023
Man of Steel;$670,145,518;$291,045,518;56.6%;2013
Ice Age: The Meltdown;$667,094,506;$195,330,621;70.7%;2006
Kung Fu Panda 2;$665,692,281;$165,249,063;75.2%;2011
The Hunger Games: Mockingjay - Part 2;$661,456,867;$281,723,902;57.4%;2015
Justice League;$661,326,987;$229,024,295;65.4%;2017
Big Hero 6;$657,870,525;$222,527,828;66.2%;2014
Fantastic Beasts: The Crimes of Grindelwald;$655,755,901;$159,555,901;75.7%;2018
Pirates of the Caribbean: The Curse of the Black Pearl;$654,264,546;$305,413,918;53.3%;2003
Men in Black³;$654,213,485;$179,020,854;72.6%;2012
Star Wars: Episode II - Attack of the Clones;$653,780,724;$310,676,740;52.5%;2002
Thor: The Dark World;$644,783,140;$206,362,140;68%;2013
Moana;$643,332,467;$248,757,044;61.3%;2016
Wonka;$634,402,312;$218,402,312;65.6%;2023
Sing;$634,338,409;$270,578,425;57.3%;2016
Kung Fu Panda;$632,091,832;$215,771,591;65.9%;2008
The Incredibles;$631,688,498;$261,441,092;58.6%;2004
The Martian;$630,621,406;$228,433,663;63.8%;2015
Hancock;$629,443,428;$227,946,274;63.8%;2008
Water Gate Bridge;$626,571,697;$117,294;100%;2022
Fast Five;$626,140,012;$209,837,675;66.5%;2011
Iron Man 2;$623,933,331;$312,433,331;49.9%;2010
Ratatouille;$623,729,107;$206,445,654;66.9%;2007
Ant-Man and the Wasp;$622,674,139;$216,648,740;65.2%;2018
How to Train Your Dragon 2;$621,537,519;$177,002,924;71.5%;2014
Logan;$619,180,476;$226,277,068;63.5%;2017
The Lost World: Jurassic Park;$618,638,999;$229,086,679;63%;1997
Casino Royale;$616,577,552;$167,445,960;72.8%;2006
The Wandering Earth II;$615,023,132;$5,023,132;99.2%;2023
The Passion of the Christ;$612,060,372;$370,782,930;39.4%;2004
Mamma Mia!;$611,452,132;$144,330,569;76.4%;2008
Life of Pi;$609,016,565;$124,987,023;79.5%;2012
Ready Player One;$607,874,422;$137,715,350;77.3%;2018
Transformers: The Last Knight;$605,425,157;$130,168,683;78.5%;2017
Madagascar: Escape 2 Africa;$603,900,354;$180,010,950;70.2%;2008
War of the Worlds;$603,873,504;$234,280,354;61.2%;2005
Tangled;$591,806,017;$200,821,936;66.1%;2010
Quantum of Solace;$589,593,688;$168,368,427;71.4%;2008
Men in Black;$589,390,539;$250,690,539;57.5%;1997
Iron Man;$585,796,247;$319,034,126;45.5%;2008
The Hangover Part II;$586,764,305;$254,464,305;56.6%;2011
The Croods;$587,266,745;$187,168,425;68.1%;2013
I Am Legend;$585,410,052;$256,393,010;56.2%;2007
Monsters, Inc.;$579,770,299;$290,642,256;49.9%;2001
Operation Red Sea;$579,330,426;$1,543,547;99.7%;2018
Night at the Museum;$574,482,479;$250,863,268;56.3%;2006
Godzilla x Kong: The New Empire;$571,750,016;$196,350,016;65.7%;2024
Mission: Impossible - Dead Reckoning Part One;$570,619,838;$172,135,383;69.8%;2023
Fifty Shades of Grey;$569,651,467;$166,167,230;70.8%;2015
The Little Mermaid;$569,626,289;$298,172,056;47.6%;2023
Kong: Skull Island;$568,652,812;$168,052,812;70.4%;2017
The Smurfs;$563,892,376;$142,614,158;74.7%;2011
Cars 2;$559,853,036;$191,452,396;65.8%;2011
King Kong;$556,906,378;$218,080,025;60.8%;2005
Puss in Boots;$554,987,477;$149,260,504;73.1%;2011
The Mermaid;$553,810,228;$3,232,685;99.4%;2016
Armageddon;$553,712,773;$201,578,182;63.6%;1998
The Day After Tomorrow;$552,639,571;$186,740,799;66.2%;2004
Star Wars: Episode V - The Empire Strikes Back;$550,016,086;$292,753,960;46.8%;1980
Ted;$549,368,315;$218,815,487;60.2%;2012
American Sniper;$547,659,020;$350,159,020;36.1%;2014
Kung Fu Panda 4;$547,634,675;$193,590,620;64.6%;2024
Mission: Impossible II;$546,388,108;$215,409,889;60.6%;2000
Detective Chinatown 2;$544,185,156;$1,983,984;99.6%;2018
Despicable Me;$544,174,973;$251,683,815;53.8%;2010
X-Men: Apocalypse;$543,934,105;$155,442,489;71.4%;2016
Sherlock Holmes: A Game of Shadows;$543,848,418;$186,848,418;65.6%;2011
Cinderella;$542,358,331;$201,151,353;62.9%;2015
Madagascar;$542,064,525;$193,595,521;64.3%;2005
Hotel Transylvania 3: Summer Vacation;$541,504,608;$167,510,016;69.1%;2018
World War Z;$540,455,876;$202,807,711;62.5%;2013
The Grinch;$540,029,016;$272,242,291;49.6%;2018
How to Train Your Dragon: The Hidden World;$539,987,993;$160,945,505;70.2%;2019
Brave;$538,983,207;$237,283,207;56%;2012
The Simpsons Movie;$536,414,293;$183,135,014;65.9%;2007
The Revenant;$532,950,503;$183,637,894;65.5%;2015
No More Bets;$532,600,264;-;100%;2023
Dunkirk;$530,432,122;$189,740,665;64.2%;2017
The Meg;$529,338,515;$145,522,784;72.5%;2018
Ralph Breaks the Internet;$529,323,962;$201,091,711;62%;2018
The Boss Baby;$527,965,936;$175,003,033;66.8%;2017
WALL·E;$527,403,656;$223,808,164;57.6%;2008
Godzilla;$524,978,362;$200,676,069;61.8%;2014
Sherlock Holmes;$524,028,679;$209,028,679;60.1%;2009
Meet the Fockers;$522,657,936;$279,261,160;46.6%;2004
Kung Fu Panda 3;$521,170,825;$143,528,619;72.5%;2016
Ant-Man;$519,311,965;$180,202,163;65.3%;2015
Terminator 2: Judgment Day;$517,778,573;$205,881,154;60.2%;1991
La La Land;$509,183,536;$151,101,803;70.3%;2016
Venom: Let There Be Carnage;$506,813,864;$213,550,366;57.9%;2021
Ghost;$505,703,557;$217,631,306;57%;1990
Aladdin;$504,050,219;$217,350,219;56.9%;1992
Rio 2;$498,781,117;$131,538,435;73.6%;2014
Elemental;$496,444,308;$154,426,697;68.9%;2023
Troy;$497,409,852;$133,378,256;73.2%;2004
Toy Story 2;$497,375,381;$245,852,179;50.6%;1999
Twister;$494,580,615;$241,830,615;51.1%;1996
Oz the Great and Powerful;$493,311,825;$234,911,825;52.4%;2013
How to Train Your Dragon;$494,879,860;$217,581,231;56%;2010
Clash of the Titans;$493,214,993;$163,214,888;66.9%;2010
Maleficent: Mistress of Evil;$491,730,089;$113,929,605;76.8%;2019
War for the Planet of the Apes;$490,719,763;$146,880,162;70.1%;2017
Shrek;$488,629,509;$268,349,831;45.1%;2001
Lost in the Stars;$487,637,474;$1,721,446;99.6%;2023
Mr. & Mrs. Smith;$487,287,646;$186,336,279;61.8%;2005
Angels & Demons;$485,930,816;$133,375,846;72.6%;2009
Teenage Mutant Ninja Turtles;$485,004,754;$191,204,754;60.6%;2014
Star Wars: Episode VI - Return of the Jedi;$482,466,382;$316,566,101;34.4%;1983
Rio;$483,866,772;$143,619,809;70.3%;2011
Bruce Almighty;$484,592,874;$242,829,261;49.9%;2003
Saving Private Ryan;$482,351,251;$217,049,603;55%;1998
Rise of the Planet of the Apes;$481,800,873;$176,760,185;63.3%;2011
Puss in Boots: The Last Wish;$481,757,663;$186,090,535;61.4%;2022
Jaws;$477,220,580;$266,567,580;44.1%;
Home Alone;$476,684,675;$285,761,243;40%;1990
Ant-Man and the Wasp: Quantumania;$476,071,180;$214,504,909;54.9%;2023
Hotel Transylvania 2;$475,186,976;$169,700,110;64.3%;2015
Charlie and the Chocolate Factory;$474,968,763;$206,459,076;56.5%;2005
San Andreas;$474,609,154;$155,190,832;67.3%;2015
Indiana Jones and the Last Crusade;$474,171,806;$197,171,806;58.4%;1989
Demon Slayer: Kimetsu no Yaiba - The Movie: Mugen Train;$473,230,408;$49,505,008;89.5%;2020
It Chapter Two;$473,123,154;$211,622,525;55.3%;2019
The King's Speech;$472,088,310;$138,797,449;70.6%;2010
Wreck-It Ralph;$471,222,950;$189,422,889;59.8%;2012
The Lego Movie;$470,759,687;$257,966,122;45.2%;2014
Godzilla vs. Kong;$470,116,094;$100,916,094;78.5%;2021
The Hangover;$469,328,922;$277,339,746;40.9%;2009
The Greatest Showman;$469,064,959;$174,340,174;62.8%;2017
Lucy;$469,058,574;$126,663,600;73%;2014
Bumblebee;$467,989,645;$127,195,589;72.8%;2018
The Matrix;$467,840,449;$172,076,928;63.2%;1999
Pretty Woman;$463,406,268;$178,406,268;61.5%;1990
Star Trek Into Darkness;$467,365,246;$228,778,661;51%;2013
Gladiator;$465,516,248;$187,705,427;59.7%;2000
Cars;$461,996,328;$244,082,982;47.2%;2006
The Eight Hundred;$461,421,559;$372,755;99.9%;2020
X-Men: The Last Stand;$460,435,291;$234,362,462;49.1%;2006
Moon Man;$460,237,662;-;100%;2022
National Treasure: Book of Secrets;$459,242,249;$219,964,115;52.1%;2007
Venom: The Last Dance;$458,955,697;$135,663,186;70.4%;2024
300;$456,082,343;$210,629,101;53.8%;2007
Mission: Impossible;$457,696,391;$180,981,856;60.5%;1996
The Last Samurai;$454,627,263;$111,127,263;75.6%;2003
Beauty and the Beast;$451,291,298;$218,967,620;51.5%;1991
Dying to Survive;$451,183,391;$6,752;100%;2018
Beetlejuice Beetlejuice;$451,097,060;$294,097,060;34.8%;2024
Ocean's Eleven;$450,717,150;$183,417,150;59.3%;2001
Pokémon: Detective Pikachu;$450,063,166;$144,174,568;68%;2019
Thor;$449,326,618;$181,030,624;59.7%;2011
My People, My Country;$450,064,993;$2,356,683;99.5%;2019
Pearl Harbor;$449,220,945;$198,542,554;55.8%;2001
Tarzan;$448,191,819;$171,091,819;61.8%;1999
1917;$446,064,352;$159,227,644;64.3%;2019
Men in Black II;$445,135,288;$193,735,288;56.5%;2002
The Bourne Ultimatum;$444,100,035;$227,471,070;48.8%;2007
The Mummy Returns;$443,284,916;$202,019,785;54.4%;2001
Alvin and the Chipmunks: The Squeakquel;$443,140,005;$219,614,612;50.4%;2009
Les Misérables;$442,757,529;$149,260,140;66.3%;2012
Transformers: Rise of the Beasts;$441,381,193;$157,066,392;64.4%;2023
Mrs. Doubtfire;$441,286,195;$219,195,243;50.3%;1993
Terminator Genisys;$440,603,537;$89,760,956;79.6%;2015
John Wick: Chapter 4;$440,180,275;$187,131,806;57.5%;2023
Aquaman and the Lost Kingdom;$439,381,226;$124,481,226;71.7%;2023
Warcraft;$439,048,914;$47,365,290;89.2%;2016
A Star Is Born;$436,433,122;$215,333,122;50.7%;2018
Shang-Chi and the Legend of the Ten Rings;$432,243,292;$224,543,292;48%;2021
Terminator 3: Rise of the Machines;$433,371,112;$150,371,112;65.3%;2003
Die Another Day;$431,971,781;$160,942,139;62.7%;2002
The Secret Life of Pets 2;$431,164,459;$158,980,250;63.1%;2019
The Exorcist;$430,872,776;$233,005,644;45.9%;
Cast Away;$429,632,142;$233,632,142;45.6%;2000
Rampage;$428,128,399;$101,028,233;76.4%;2018
The Matrix Revolutions;$427,344,325;$139,313,948;67.4%;2003
The Intouchables;$426,590,315;$10,198,820;97.6%;2011
Bad Boys for Life;$426,505,244;$206,305,244;51.6%;2020
Django Unchained;$426,076,293;$162,805,434;61.8%;2012
Dances with Wolves;$424,208,848;$184,208,848;56.6%;1990
My People, My Homeland;$422,390,820;-;100%;2020
The Chronicles of Narnia: Prince Caspian;$419,665,568;$141,621,490;66.2%;2008
Sex and the City;$418,769,972;$152,647,258;63.6%;2008
The Captain;$417,863,545;$706,572;99.8%;2019
The Mummy;$417,643,286;$157,095,368;62.4%;1999
The Chronicles of Narnia: The Voyage of the Dawn Treader;$415,686,217;$104,386,950;74.9%;2010
Jason Bourne;$415,484,914;$162,434,410;60.9%;2016
The Wolverine;$414,828,246;$132,556,852;68%;2013
Kingsman: The Secret Service;$414,351,546;$128,261,724;69%;2015
Night at the Museum: Battle of the Smithsonian;$413,106,170;$177,243,721;57.1%;2009
Batman;$411,569,241;$251,409,241;38.9%;1989
The Bodyguard;$411,046,449;$122,046,449;70.3%;1992
Pacific Rim;$411,002,906;$101,802,906;75.2%;2013
Kingsman: The Golden Circle;$410,902,662;$100,234,838;75.6%;2017
TRON: Legacy;$409,912,892;$172,062,763;58%;2010
The Mummy;$409,231,607;$80,227,895;80.4%;2017
Ice Age: Collision Course;$408,754,975;$64,063,008;84.3%;2016
Twilight;$408,496,327;$193,962,473;52.5%;2008
Sing 2;$408,402,685;$162,790,990;60.1%;2021
Signs;$408,247,917;$227,966,634;44.2%;2002
X2: X-Men United;$407,711,549;$214,949,694;47.3%;2003
Dune: Part One;$407,673,628;$108,897,830;73.3%;2021
Fantastic Beasts: The Secrets of Dumbledore;$407,150,844;$95,850,844;76.5%;2022
Uncharted;$407,141,258;$148,648,820;63.5%;2022
The Wolf of Wall Street;$407,039,432;$116,900,694;71.3%;2013
Sonic the Hedgehog 2;$405,421,518;$190,872,904;52.9%;2022
Your Name.;$405,340,703;$5,017,246;98.8%;2016
Alita: Battle Angel;$404,980,543;$85,838,210;78.8%;2019
Bad Boys: Ride or Die;$404,522,671;$193,573,217;52.2%;2024
The Mummy: Tomb of the Dragon Emperor;$403,449,830;$102,491,776;74.6%;2008
Prometheus;$403,354,469;$126,477,084;68.6%;2012
Gone with the Wind;$402,382,193;$200,882,193;50.1%;
Eternals;$402,064,899;$164,870,234;59%;2021
Mission: Impossible III;$398,479,497;$134,029,801;66.4%;2006
Meg 2: The Trench;$397,800,317;$82,600,317;79.2%;2023
Kingdom of the Planet of the Apes;$397,378,150;$171,130,165;56.9%;2024
Snow White and the Huntsman;$396,592,829;$155,332,381;60.8%;2012
Grease;$396,271,103;$190,071,103;52%;1978
Mamma Mia! Here We Go Again;$395,607,854;$120,634,935;69.5%;2018
Toy Story;$394,436,586;$223,225,679;43.4%;1995
Spider-Man: Into the Spider-Verse;$393,602,435;$190,241,310;51.7%;2018
Black Adam;$393,452,111;$168,152,111;57.3%;2022
Solo: A Star Wars Story;$392,924,807;$213,767,512;45.6%;2018
Once Upon a Time... in Hollywood;$392,105,159;$142,502,728;63.7%;2019
Superman Returns;$391,081,192;$200,081,192;48.8%;2006
Robin Hood: Prince of Thieves;$390,493,908;$165,493,908;57.6%;1991
Indiana Jones and the Raiders of the Lost Ark;$389,925,971;$248,159,971;36.4%;1981
Independence Day: Resurgence;$389,681,935;$103,144,286;73.5%;2016
Live Free or Die Hard;$388,156,011;$134,529,403;65.3%;2007
Godzilla: King of the Monsters;$387,300,138;$110,500,138;71.5%;2019
Monster Hunt;$387,053,506;$32,766;100%;2015
Home;$386,041,607;$177,397,510;54%;2015
Star Trek;$385,681,768;$257,730,019;33.2%;2009
Back to the Future;$384,577,472;$214,077,472;44.3%;1985
Happy Feet;$384,336,108;$198,000,317;48.5%;2006
Indiana Jones and the Dial of Destiny;$383,963,057;$174,480,468;54.6%;2023
Cars 3;$383,930,656;$152,901,115;60.2%;2017
Ice Age;$383,257,136;$176,387,405;54%;2002
Fifty Shades Darker;$381,545,846;$114,581,250;70%;2017
Monsters vs. Aliens;$381,509,870;$198,351,526;48%;2009
Mad Max: Fury Road;$380,437,267;$154,280,290;59.4%;2015
Black Widow;$379,751,655;$183,651,655;51.6%;2021
Godzilla;$379,014,294;$136,314,294;64%;1998
True Lies;$378,882,411;$146,282,411;61.4%;1994
Slumdog Millionaire;$378,411,362;$141,319,928;62.6%;2008
Edge of Tomorrow;$377,044,245;$100,206,256;73.4%;2014
Taken 2;$376,152,455;$139,854,287;62.8%;2012
G.I. Joe: Retaliation;$375,740,705;$122,523,060;67.4%;2013
Batman Begins;$375,404,836;$206,863,479;44.9%;2005
Shark Tale;$374,583,879;$160,861,908;57.1%;2004
What Women Want;$374,111,707;$182,811,707;51.1%;2000
The Adventures of Tintin;$373,994,233;$77,591,831;79.2%;2011
Penguins of Madagascar;$373,515,621;$83,850,911;77.6%;2014
X-Men Origins: Wolverine;$373,062,864;$179,883,157;51.8%;2009
Creation of the Gods I: Kingdom of Storms;$373,021,923;$1,706,355;99.5%;2023
The Golden Compass;$372,234,864;$70,107,728;81.2%;2007
Fifty Shades Freed;$371,985,018;$100,407,760;73%;2018
Hitch;$371,594,210;$179,495,555;51.7%;2005
Terminator Salvation;$371,353,001;$125,322,469;66.2%;2009
Twisters;$370,962,265;$267,762,265;27.8%;2024
Gone Girl;$370,890,259;$167,767,189;54.8%;2014
Captain America: The First Avenger;$370,569,774;$176,654,505;52.3%;2011
There's Something About Mary;$369,884,651;$176,484,651;52.3%;1998
The Fugitive;$368,875,760;$183,875,760;50.2%;1993
Jurassic Park III;$368,780,809;$181,171,875;50.9%;2001
My Big Fat Greek Wedding;$368,744,044;$241,438,208;34.5%;2002
Shazam!;$367,799,011;$140,480,049;61.8%;2019
Hello Mr. Billionaire;$366,961,907;-;100%;2018
Die Hard with a Vengeance;$366,101,666;$100,012,499;72.7%;1995
The Nun;$366,082,797;$117,481,222;67.9%;2018
Alvin and the Chipmunks;$365,352,546;$217,326,974;40.5%;2007
Tenet;$365,304,105;$58,504,105;84%;2020
Notting Hill;$363,992,308;$116,089,678;68.1%;1999
A Bug's Life;$363,258,859;$162,798,565;55.2%;1998
Night at the Museum: Secret of the Tomb;$363,204,635;$113,746,621;68.7%;2014
Ocean's Twelve;$362,744,280;$125,544,280;65.4%;2004
Mary Poppins Returns;$362,529,106;$171,958,438;52.6%;2018
Planet of the Apes;$362,211,740;$180,011,740;50.3%;2001
The Hangover Part III;$362,000,072;$112,200,072;69%;2013
The World Is Not Enough;$361,832,400;$126,943,684;64.9%;1999
Monster Hunt 2;$361,682,618;$706,153;99.8%;2018
Fast & Furious;$360,405,638;$155,064,265;57%;2009
Noah;$359,200,044;$101,200,044;71.8%;2014
The Karate Kid;$359,126,022;$176,591,618;50.8%;2010
Home Alone 2: Lost in New York;$358,994,850;$173,585,516;51.6%;1992
Hotel Transylvania;$358,375,603;$148,313,048;58.6%;2012
Minority Report;$358,372,926;$132,072,926;63.2%;2002
Spirited Away;$358,110,581;$15,205,725;95.8%;2001
Top Gun;$357,288,178;$180,258,178;49.6%;1986
The Legend of Tarzan;$357,243,061;$126,643,061;64.6%;2016
American Beauty;$356,296,601;$130,096,601;63.5%;1999
Apollo 13;$355,237,933;$173,837,933;51.1%;1995
Rain Man;$354,825,435;$172,825,435;51.3%;1988
The Great Gatsby;$353,660,028;$144,857,996;59%;2013
Dumbo;$353,284,621;$114,766,307;67.5%;2019
I, Robot;$353,133,898;$144,801,023;59%;2004
Basic Instinct;$352,927,224;$117,727,224;66.6%;1992
Murder on the Orient Express;$352,794,081;$102,826,543;70.8%;2017
X-Men: First Class;$352,616,690;$146,408,305;58.5%;2011
The Angry Birds Movie;$352,333,929;$107,509,366;69.5%;2016
GoldenEye;$352,194,034;$106,429,941;69.8%;1995
Catch Me If You Can;$352,114,312;$164,615,351;53.2%;2002
Now You See Me;$351,723,989;$117,723,989;66.5%;2013
Hannibal;$351,692,268;$165,092,268;53.1%;2001
The Mask;$351,583,407;$119,938,730;65.9%;1994
Peter Rabbit;$351,516,614;$115,253,424;67.2%;2018
Alien: Romulus;$350,865,342;$105,313,091;70%;2024
Speed;$350,448,145;$121,248,145;65.4%;1994
It Ends with Us;$350,080,251;$148,518,266;57.6%;2024
Dinosaur;$349,822,765;$137,748,063;60.6%;2000
Deep Impact;$349,464,664;$140,464,664;59.8%;1998
The Lorax;$349,305,397;$214,494,550;38.6%;2012
The Hunger Games: The Ballad of Songbirds & Snakes;$348,900,019;$166,350,594;52.3%;2023
The Maze Runner;$348,319,861;$102,427,862;70.6%;2014
The Smurfs 2;$347,545,360;$71,017,784;79.6%;2013
National Treasure;$347,512,530;$173,008,894;50.2%;2004
Trolls;$347,337,803;$154,174,089;55.6%;2016
Rush Hour 2;$347,325,802;$226,164,286;34.9%;2001
How the Grinch Stole Christmas;$346,654,179;$261,415,800;24.6%;2000
xXx: Return of Xander Cage;$346,118,277;$44,898,413;87%;2017
Pocahontas;$346,079,773;$141,579,773;59.1%;1995
Star Trek Beyond;$343,471,816;$158,848,340;53.8%;2016
Alvin and the Chipmunks: Chipwrecked;$342,695,435;$133,110,742;61.2%;2011
Wanted;$342,463,063;$134,508,551;60.7%;2008
The Flintstones;$341,631,208;$130,531,208;61.8%;1994
A Quiet Place;$340,955,294;$188,024,361;44.8%;2018
Enchanted;$340,487,869;$127,807,262;62.5%;2007
Over the Hedge;$339,795,890;$155,019,340;54.4%;2006
300: Rise of an Empire;$337,580,051;$106,580,051;68.4%;2014
Batman Forever;$336,567,158;$184,069,126;45.3%;1995
Prince of Persia: The Sands of Time;$336,365,676;$90,759,676;73%;2009
The Curious Case of Benjamin Button;$335,802,786;$127,509,326;62%;2008
Journey 2: The Mysterious Island;$335,288,576;$103,887,748;69%;2012
The Rock;$335,062,621;$134,069,511;60%;1996
The Great Wall;$334,933,831;$45,540,830;86.4%;2016
Now You See Me 2;$334,897,606;$65,075,540;80.6%;2016
Never Say Die;$334,530,869;-;100%;2017
Bridget Jones's Diary;$334,273,059;$71,543,427;78.6%;2001
Fantastic Four;$333,535,934;$154,696,080;53.6%;2005
Indiana Jones and the Temple of Doom;$333,107,271;$179,870,271;46%;1984
Tomorrow Never Dies;$333,011,068;$125,304,276;62.4%;1997
Back to the Future Part II;$332,500,002;$119,000,002;64.2%;1989
The Good Dinosaur;$332,207,671;$123,087,120;63%;2015
Free Guy;$331,526,598;$121,626,598;63.3%;2021
22 Jump Street;$331,333,876;$191,719,337;42.1%;2014
Meet the Parents;$330,444,045;$166,244,045;49.7%;2000
Who Framed Roger Rabbit;$329,803,958;$156,452,370;52.6%;1988
Black Swan;$329,398,046;$106,954,678;67.5%;2010
The Perfect Storm;$328,718,434;$182,618,434;44.4%;2000
John Wick: Chapter 3 - Parabellum;$328,349,908;$171,015,687;47.9%;2019
Crocodile Dundee;$328,203,506;$174,803,506;46.7%;1986
Crazy Alien;$327,598,891;-;100%;2019
Seven;$327,333,559;$100,125,643;69.4%;1995
The Devil Wears Prada;$326,717,337;$124,740,460;61.8%;2006
Taken 3;$326,479,141;$89,256,424;72.7%;2015
Paddington;$326,105,453;$76,271,832;76.6%;2014
The Hunchback of Notre Dame;$325,338,851;$100,138,851;69.2%;1996
A Christmas Carol;$325,286,646;$137,855,863;57.6%;2009
The SpongeBob Movie: Sponge Out of Water;$325,186,032;$162,994,032;49.9%;2015
Bridesmaids;$324,840,797;$169,106,725;47.9%;2011
The Conjuring 2;$322,811,702;$102,516,140;68.2%;2016
Schindler's List;$322,161,245;$96,898,818;69.9%;1993
Megamind;$321,885,765;$148,415,853;53.9%;2010
Green Book;$321,752,656;$85,080,171;73.6%;2018
Lethal Weapon 3;$321,731,527;$144,731,527;55%;1992
Robin Hood;$321,669,741;$105,269,730;67.3%;2010
Inglourious Basterds;$321,460,456;$120,540,719;62.5%;2009
101 Dalmatians;$320,689,294;$136,189,294;57.5%;1996
The Conjuring;$320,415,166;$137,446,368;57.1%;2013
Fatal Attraction;$320,145,693;$156,645,693;51.1%;1987
Sonic the Hedgehog;$319,715,683;$148,974,665;53.4%;2020
The Last Airbender;$319,713,881;$131,772,187;58.8%;2010
The Wild Robot;$318,387,315;$141,495,315;55.6%;2024
The Polar Express;$318,321,815;$189,528,738;40.5%;2004
The Proposal;$317,375,435;$163,958,031;48.3%;2009
A Beautiful Mind;$316,791,257;$170,742,341;46.1%;2001
Beverly Hills Cop;$316,360,478;$234,760,478;25.8%;1984
Air Force One;$315,156,409;$172,956,409;45.1%;1997
Wonder;$315,025,930;$132,422,809;58%;2017
The Expendables 2;$314,975,955;$85,028,192;73%;2012
Chicken Little;$314,432,837;$135,386,665;56.9%;2005
As Good as It Gets;$314,178,011;$148,478,011;52.7%;1997
Gladiator II;$314,007,811;$148,507,811;52.7%;2024
Austin Powers: The Spy Who Shagged Me;$313,701,294;$206,040,086;34.3%;1999
Knives Out;$312,897,920;$165,363,234;47.2%;2019
The Lego Batman Movie;$312,336,671;$175,936,671;43.7%;2017
Maze Runner: The Scorch Trials;$312,296,056;$81,697,192;73.8%;2015
Resident Evil: The Final Chapter;$312,242,626;$26,830,068;91.4%;2016
Ocean's Thirteen;$311,312,624;$117,154,724;62.4%;2007
Little Fockers;$310,650,585;$148,438,600;52.2%;2010
Bolt;$309,979,994;$114,053,579;63.2%;2008
Ransom;$309,492,681;$136,492,681;55.9%;1996
Runaway Bride;$309,460,292;$152,257,509;50.8%;1999
The Blind Side;$309,231,694;$255,982,860;17.2%;2009
The Ex-File 3: Return of the Exes;$307,592,427;$838,959;99.7%;2017
The Fault in Our Stars;$307,168,169;$124,872,350;59.4%;2014
The Pursuit of Happyness;$307,127,625;$163,566,459;46.7%;2006
Rise of the Guardians;$306,941,670;$103,412,758;66.3%;2012
Close Encounters of the Third Kind;$306,889,114;$135,189,114;56%;1977
Chicago;$306,777,366;$170,687,518;44.4%;2002
Annabelle: Creation;$306,592,201;$102,092,201;66.7%;2017
Skyscraper;$304,870,828;$68,420,120;77.6%;2018
A Good Day to Die Hard;$304,654,182;$67,349,198;77.9%;2013
Mulan;$304,320,254;$120,620,254;60.4%;1998
Battleship;$303,025,485;$65,422,625;78.4%;2012
Liar Liar;$302,710,615;$181,410,615;40.1%;1997
Passengers;$303,144,152;$100,014,699;67%;2016
G.I. Joe: The Rise of Cobra;$302,469,017;$150,201,498;50.3%;2009
Wrath of the Titans;$301,970,083;$83,670,083;72.3%;2012
Dangal;$303,726,694;$12,391,761;95.9%;2016
Never Say Never;$301,957,043;-;100%;2023
Fantastic Four: Rise of the Silver Surfer;$301,913,131;$131,921,738;56.3%;2007
Rocky IV;$300,473,716;$127,873,716;57.4%;1985
Superman;$300,478,449;$134,478,449;55.2%;1978
Hook;$300,854,823;$119,654,823;60.2%;1991
Rambo: First Blood Part II;$300,400,432;$150,415,432;49.9%;1985
Resident Evil: Afterlife;$300,228,084;$60,128,566;80%;2010
Stuart Little;$300,135,367;$140,035,367;53.3%;1999
Van Helsing;$300,157,638;$120,177,084;60%;2004
Beverly Hills Cop II;$299,965,036;$153,665,036;48.8%;1987
Migration;$299,863,204;$127,306,285;57.6%;2023
Alice Through the Looking Glass;$299,820,798;$77,041,381;74.3%;2016
My Best Friend's Wedding;$299,288,605;$127,120,029;57.5%;1997
Real Steel;$299,268,508;$85,468,508;71.4%;2011
Horton Hears a Who!;$298,572,799;$154,529,439;48.2%;2008
Ocean's Eight;$297,795,726;$140,295,726;52.9%;2018
A Quiet Place Part II;$297,372,261;$160,072,261;46.2%;2021
The Divergent Series: Insurgent;$297,002,527;$130,179,072;56.2%;2015
Look Who's Talking;$296,999,813;$140,088,813;52.8%;1989
Austin Powers in Goldmember;$296,939,148;$213,307,889;28.2%;2002
Ghostbusters;$296,578,797;$243,578,797;17.9%;1984
Miss Peregrine's Home for Peculiar Children;$296,482,446;$87,242,834;70.6%;2016
Ferdinand;$296,069,199;$84,410,380;71.5%;2017
X-Men;$296,339,528;$157,299,718;46.9%;2000
Doctor Dolittle;$294,456,605;$144,156,605;51%;1998
Shutter Island;$294,942,927;$128,012,934;56.6%;2010
Bee Movie;$293,514,336;$126,631,277;56.9%;2007
Salt;$293,503,354;$118,311,368;59.7%;2010
G-Force;$292,817,898;$119,436,770;59.2%;2009
Five Nights at Freddy's;$291,493,620;$137,275,620;52.9%;2023
The Departed;$291,481,358;$132,399,394;54.6%;2006
What Lies Beneath;$291,420,351;$155,464,351;46.6%;2000
Pacific Rim: Uprising;$290,930,148;$59,874,525;79.4%;2018
The Bourne Supremacy;$290,835,269;$176,241,941;39.4%;2004
Sex and the City 2;$290,745,055;$95,347,692;67.2%;2010
Shakespeare in Love;$289,317,794;$100,317,794;65.3%;1998
Divergent;$288,885,818;$150,947,895;47.8%;2014
Coming to America;$288,752,301;$128,152,301;55.6%;1988
Elvis;$288,670,284;$151,040,048;47.7%;2022
Wedding Crashers;$288,485,135;$209,273,411;27.5%;2005
Maze Runner: The Death Cure;$288,175,335;$58,032,443;79.9%;2018
Casper;$288,039,549;$100,439,549;65.1%;1995
American Pie 2;$287,553,595;$145,103,595;49.5%;2001
Pitch Perfect 2;$287,144,079;$184,296,230;35.8%;2015
The Green Mile;$286,801,374;$136,801,374;52.3%;1999
Oblivion;$286,168,572;$89,107,235;68.9%;2013
Elysium;$286,140,700;$93,050,117;67.5%;2013
Lethal Weapon 4;$285,444,603;$130,444,603;54.3%;1998
John Carter;$284,139,100;$73,078,100;74.3%;2012
Paddington 2;$283,693,343;$40,907,738;85.6%;2017
Turbo;$282,570,682;$83,028,128;70.6%;2013
The Tourist;$278,780,441;$67,631,157;75.7%;2010
Split;$278,454,417;$138,291,365;50.3%;2017
Scary Movie;$278,019,771;$157,019,771;43.5%;2000
xXx;$277,448,382;$142,109,382;48.8%;2002
Blade Runner 2049;$276,605,984;$92,071,675;66.7%;2017
Creed III;$276,148,615;$156,248,615;43.4%;2023
The Bourne Legacy;$276,144,750;$113,203,870;59%;2012
Mr. Peabody & Sherman;$275,698,039;$111,506,430;59.6%;2014
Scooby-Doo;$275,679,958;$153,322,074;44.4%;2002
Lincoln;$275,293,450;$182,207,973;33.8%;2012
Tomb Raider;$274,950,803;$58,250,803;78.8%;2018
Lara Croft: Tomb Raider;$274,703,340;$131,168,070;52.2%;2001
The Expendables;$274,470,394;$103,068,524;62.4%;2010
Cloudy with a Chance of Meatballs 2;$274,325,949;$119,793,567;56.3%;2013
The Nutty Professor;$273,961,019;$128,814,019;53%;1996
Jerry Maguire;$273,552,592;$153,952,592;43.7%;1996
Bad Boys II;$273,340,010;$138,608,444;49.3%;2003
Lilo & Stitch;$273,147,061;$145,794,338;46.6%;2002
The Silence of the Lambs;$272,742,922;$130,742,922;52.1%;1991
Grown Ups;$271,457,606;$162,001,186;40.3%;2010
The Flash;$271,433,313;$108,133,313;60.2%;2023
Neighbors;$270,665,134;$150,157,400;44.5%;2014
The Firm;$270,248,367;$158,348,367;41.4%;1993
We're the Millers;$269,994,119;$150,394,119;44.3%;2012
Gran Torino;$269,958,228;$148,095,302;45.1%;2008
10,000 BC;$269,784,201;$94,784,201;64.9%;2008
American Gangster;$269,755,430;$130,164,645;51.8%;2007
The Nun II;$269,667,073;$86,267,073;68%;2023
This Is It;$267,983,588;$72,091,016;73.1%;2009
Bambi;$267,447,150;$102,247,150;61.8%;
Exodus: Gods and Kings;$268,175,631;$65,014,513;75.8%;2014
The Princess and the Frog;$267,056,816;$104,400,899;60.9%;2009
Batman Returns;$266,940,655;$162,924,631;39%;1992
Epic;$268,426,634;$107,518,682;59.9%;2013
Indecent Proposal;$266,614,059;$106,614,059;60%;1993
Something's Gotta Give;$265,328,738;$124,728,738;53%;2003
Bridget Jones: The Edge of Reason;$265,126,918;$40,226,215;84.8%;2004
The Incredible Hulk;$264,770,996;$134,806,913;49.1%;2008
Waterworld;$264,218,220;$88,246,220;66.6%;1995
The Truman Show;$264,118,712;$125,618,201;52.4%;1998
Charlie's Angels;$264,105,545;$125,305,545;52.6%;2000
The Fifth Element;$263,920,180;$63,820,180;75.8%;1997
Jumanji;$262,821,940;$100,499,940;61.8%;1995
Borat;$262,552,893;$128,505,958;51.1%;2006
Robots;$262,511,490;$128,200,012;51.2%;2005
Parasite;$262,129,969;$53,369,749;79.6%;2019
Knight and Day;$261,989,769;$76,423,035;70.8%;2008
A Quiet Place: Day One;$261,786,322;$138,930,553;46.9%;2024
Taylor Swift: The Eras Tour;$261,656,269;$180,756,269;30.9%;2023
Total Recall;$261,317,921;$119,412,921;54.3%;1990
Encanto;$261,285,639;$96,093,622;63.2%;2021
Terminator: Dark Fate;$261,119,292;$62,253,077;76.2%;2019
The Lone Ranger;$260,502,115;$89,302,115;65.7%;2013
Super 8;$260,095,986;$127,004,179;51.2%;2011
Halloween;$259,939,869;$159,342,015;38.7%;2018
Rush Hour 3;$258,097,122;$140,125,968;45.7%;2007
Mojin: The Lost Legend;$259,368,448;$1,243,810;99.5%;2015
Charlie's Angels: Full Throttle;$259,175,788;$100,830,111;61.1%;2003
The Full Monty;$257,938,649;$45,950,122;82.2%;1997
Kung Fu Yoga;$257,753,889;$362,657;99.9%;2017
Annabelle;$257,589,952;$84,284,252;67.3%;2014
The Garfield Movie;$257,211,519;$91,956,547;64.2%;2024
The Village;$256,697,520;$114,197,520;55.5%;2003
Lost in Hong Kong;$256,283,912;$1,302,281;99.5%;2015
Erin Brockovich;$256,271,286;$125,595,205;51%;2000
Us;$256,071,218;$175,084,580;31.6%;2019
Pegasus;$255,863,112;-;100%;2019
Marley & Me;$255,743,968;$143,153,751;44%;2008
Get Out;$255,751,443;$176,196,665;31.1%;2016
Cliffhanger;$255,000,211;$84,049,211;67%;1993
Wish;$254,997,360;$63,973,821;74.9%;2023
Baahubali 2: The Conclusion;$254,158,390;$20,186,659;92.1%;2017
Babe;$254,134,910;$63,658,910;75%;1995
Men in Black: International;$253,890,701;$80,001,807;68.5%;2019
Wild Hogs;$253,625,427;$168,273,550;33.6%;2007
High School Musical 3: Senior Year;$252,909,177;$90,559,416;64.2%;2008
Hercules;$252,712,101;$99,112,101;60.8%;1997
X-Men: Dark Phoenix;$252,442,974;$65,845,974;73.9%;2019
True Grit;$252,278,285;$171,243,005;32.1%;2010
Dolittle;$251,410,631;$77,047,065;69.4%;2020
Bean;$251,212,670;$45,319,423;82%;1997
American Hustle;$251,171,807;$150,117,807;40.2%;2013
Enemy of the State;$250,849,789;$111,549,836;55.5%;1998
You've Got Mail;$250,821,575;$115,821,495;53.8%;1998
Sound of Freedom;$250,570,396;$184,178,046;26.5%;2023
Eragon;$250,425,512;$75,030,163;70%;2006
Brother Bear;$250,397,798;$85,336,277;65.9%;2003
The Bad Guys;$250,387,888;$97,459,240;61.1%;2022
The Godfather;$250,342,198;$136,381,073;45.5%;
The Mask of Zorro;$250,288,523;$94,095,523;62.4%;1998
Love Actually;$250,215,630;$60,221,410;75.9%;2003
The Ring;$249,348,933;$129,128,133;48.2%;2002
The Blair Witch Project;$248,639,099;$140,539,099;43.5%;1999
Unbreakable;$248,118,121;$95,011,339;61.7%;2000
Journey to the West: The Demons Strike Back;$247,585,244;$880,346;99.6%;2017
Dumb and Dumber;$247,290,327;$127,190,327;48.6%;1994
Glass;$246,999,039;$111,048,468;55%;2019
Grown Ups 2;$246,984,278;$133,668,525;45.9%;2013
The Peanuts Movie;$246,233,113;$130,178,411;47.1%;2015
Rango;$245,724,603;$123,477,607;49.8%;2011
Four Weddings and a Funeral;$245,700,832;$52,700,832;78.6%;1994
Face/Off;$245,676,146;$112,276,146;54.3%;1997
Teenage Mutant Ninja Turtles: Out of the Shadows;$245,623,848;$82,051,601;66.6%;2016
Dark Shadows;$245,527,149;$79,727,149;67.5%;2012
Hulk;$245,285,165;$132,177,234;46.1%;2003
The Bravest;$245,179,562;$290,217;99.9%;2019
Welcome to the Sticks;$245,144,417;-;100%;2008
Back to the Future Part III;$245,077,583;$88,277,583;64%;1990
Pixels;$244,874,809;$78,747,585;67.8%;2015
Hercules;$244,819,862;$72,688,614;70.3%;2014
Rush Hour;$244,721,064;$141,186,864;42.3%;1998
Journey to the Center of the Earth;$244,232,688;$101,704,370;58.4%;2008
Sully;$243,870,033;$125,070,033;48.7%;2016
After Earth;$243,611,982;$60,522,097;75.2%;2013
A Few Good Men;$243,240,178;$141,340,178;41.9%;1992
Cloudy with a Chance of Meatballs;$243,006,136;$124,870,275;48.6%;2009
8 Mile;$242,875,078;$116,750,901;51.9%;2002
Daddy's Home;$242,786,137;$150,357,137;38.1%;2015
RoboCop;$242,688,965;$58,607,007;75.8%;2014
Eraser;$242,295,562;$101,295,562;58.2%;1996
Alien: Covenant;$240,892,187;$74,262,031;69.2%;2017
Assassin's Creed;$240,697,856;$54,647,948;77.3%;2016
Howl's Moving Castle;$240,695,383;$9,173,958;96.2%;2004
Click;$240,685,326;$137,355,633;42.9%;2006
Jiang Ziya;$240,646,355;$214,670;99.9%;2020
Planes;$240,171,783;$90,288,712;62.4%;2013
Resident Evil: Retribution;$240,159,255;$42,345,531;82.4%;2012
Die Hard 2;$240,031,274;$117,540,947;51%;1990
Crocodile Dundee II;$239,606,210;$109,306,210;54.4%;1988
Crazy Rich Asians;$239,343,729;$174,837,452;27%;2018
Bullet Train;$239,268,602;$103,368,602;56.8%;2022
Batman & Robin;$238,259,753;$107,353,792;54.9%;1997
Gulliver's Travels;$237,382,724;$42,779,261;82%;2010
Gone in 60 Seconds;$237,202,299;$101,648,571;57.2%;2000
Green Lantern;$237,201,172;$116,601,172;50.8%;2011
Saturday Night Fever;$237,113,184;$94,213,184;60.3%;1977
Silver Linings Playbook;$236,412,453;$132,092,958;44.1%;2012
2 Fast 2 Furious;$236,353,236;$127,154,901;46.2%;2003
Hidden Figures;$235,957,472;$169,607,287;28.1%;2016
A.I. Artificial Intelligence;$235,926,635;$78,616,689;66.7%;2001
Dead Poets Society;$235,860,116;$95,860,116;59.4%;1989
Spy;$235,666,219;$110,825,712;53%;2015
American Pie;$235,483,004;$102,561,004;56.4%;1999
American Reunion;$234,989,584;$57,011,521;75.7%;2012
Big Daddy;$234,801,895;$163,479,795;30.4%;1999
Alvin and the Chipmunks: The Road Chip;$234,798,636;$85,886,987;63.4%;2015
The Imitation Game;$233,555,708;$91,125,683;61%;2014
Cruella;$233,503,234;$86,103,234;63.1%;2021
The Day the Earth Stood Still;$233,093,859;$79,366,978;66%;2008
American Wedding;$232,722,935;$104,565,114;55.1%;2003
The Girl with the Dragon Tattoo;$232,617,430;$102,515,793;55.9%;2011
Juno;$232,373,066;$143,495,265;38.2%;2007
Argo;$232,325,503;$136,025,503;41.4%;2012
Mr. Bean's Holiday;$232,225,908;$33,302,167;85.7%;2007
The English Patient;$231,976,425;$78,676,425;66.1%;1996
Sister Act;$231,605,150;$139,605,150;39.7%;1992
Annabelle Comes Home;$231,252,591;$74,152,591;67.9%;2019
Constantine;$230,884,728;$75,976,178;67.1%;2005
Get Smart;$230,685,453;$130,319,208;43.5%;2008
Space Jam;$230,594,962;$90,594,962;60.7%;1996
Life Is Beautiful;$230,099,013;$57,563,264;75%;1998
The Heat;$229,930,771;$159,582,188;30.6%;2013
Ghostbusters;$229,147,509;$128,350,574;44%;2016
Elf;$228,938,254;$178,053,220;22.2%;2003
Ghost Rider;$228,738,393;$115,802,596;49.4%;2007
Goodbye Mr. Loser;$228,122,928;$1,293,626;99.4%;2015
Sleepless in Seattle;$227,927,165;$126,808,165;44.4%;1993
Lethal Weapon 2;$227,853,986;$147,253,986;35.4%;1989
The Green Hornet;$227,817,248;$98,780,042;56.6%;2011
Out of Africa;$227,514,205;$87,071,205;61.7%;1985
Better Days;$227,313,644;$1,921,657;99.2%;2019
Youth;$227,091,290;$1,891,956;99.2%;2017
Baby Driver;$226,945,087;$107,825,862;52.5%;2017
Immortals;$226,904,017;$83,504,017;63.2%;2011
Taken;$226,837,760;$145,000,989;36.1%;2008
Percy Jackson & the Olympians: The Lightning Thief;$226,497,209;$88,768,303;60.8%;2010
Lightyear;$226,425,420;$118,307,188;47.8%;2022
Hansel & Gretel: Witch Hunters;$226,349,749;$55,703,475;75.4%;2013
Valerian and the City of a Thousand Planets;$225,973,340;$41,189,488;81.8%;2017
Good Will Hunting;$225,933,435;$138,433,435;38.7%;1997
Ford v Ferrari;$225,508,210;$117,624,357;47.8%;2019
Jumper;$225,132,113;$80,172,128;64.4%;2008
The Social Network;$224,927,749;$96,962,694;56.9%;2010
Chicken Run;$224,888,359;$106,834,564;52.5%;2000
Con Air;$224,012,234;$101,117,573;54.9%;1997
Interview with the Vampire;$223,664,608;$105,264,608;52.9%;1994
Flightplan;$223,387,299;$89,707,299;59.8%;2005
Yes Man;$223,241,637;$97,690,976;56.2%;2008
Non-Stop;$222,809,600;$92,168,600;58.6%;2014
Honey, I Shrunk the Kids;$222,724,172;$130,724,172;41.3%;1989
Fahrenheit 9/11;$222,446,882;$119,194,771;46.4%;2004
Wild Wild West;$222,104,681;$113,804,681;48.8%;1999
Geostorm;$221,900,160;$33,700,160;84.8%;2017
My Country, My Parents;$221,831,086;$177,133;99.9%;2021
The Help;$221,802,186;$169,708,112;23.5%;2011
Napoleon;$221,394,838;$61,524,375;72.2%;2023
Presumed Innocent;$221,303,188;$86,303,188;61%;1990
Jungle Cruise;$220,889,446;$116,987,516;47%;2021
Scary Movie 3;$220,673,217;$110,003,217;50.2%;2003
Anyone But You;$220,297,199;$88,319,668;59.9%;2023
Collateral;$220,239,925;$101,005,703;54.1%;2004
Inferno;$220,021,259;$34,343,574;84.4%;2016
Knocked Up;$219,922,417;$148,768,917;32.4%;2007
What Happens in Vegas;$219,375,562;$80,277,646;63.4%;2008
It's Complicated;$219,103,655;$112,735,375;48.6%;2009
The Terminal;$219,100,084;$77,872,883;64.5%;2004
Little Women;$218,843,645;$108,101,214;50.6%;2019
Captain Phillips;$218,791,811;$107,100,855;51%;2013
The Prince of Egypt;$218,613,188;$101,413,188;53.6%;1998
Jack Reacher;$218,340,595;$80,070,736;63.3%;2012
Kingdom of Heaven;$218,237,071;$47,398,413;78.3%;2005
Smallfoot;$218,015,531;$83,315,531;61.8%;2018
The Emoji Movie;$217,776,646;$86,089,513;60.5%;2017
Smile;$217,408,513;$105,935,048;51.3%;2022
Too Cool to Kill;$217,254,604;$185,882;99.9%;2022
Dracula Untold;$217,124,280;$56,280,355;74.1%;2014
Central Intelligence;$216,940,871;$127,440,871;41.3%;2016
Million Dollar Baby;$216,763,646;$100,492,203;53.6%;2004
Twins;$216,614,388;$111,938,388;48.3%;1988
Valentine's Day;$216,528,528;$110,528,528;49%;2010
Superman II;$216,385,706;$108,185,706;50%;1981
Bad Teacher;$216,197,492;$100,292,856;53.6%;2011
A Little Red Flower;$216,000,000;-;100%;2020
The Croods: A New Age;$215,905,815;$58,568,815;72.9%;2020
Clear and Present Danger;$215,887,717;$122,187,717;43.4%;1994
One Hundred and One Dalmatians;$215,880,014;$144,880,014;32.9%;
Ted 2;$215,863,606;$81,476,385;62.3%;2015
Bram Stoker's Dracula;$215,862,692;$82,522,790;61.8%;1992
Vertical Limit;$215,663,859;$69,243,859;67.9%;2000
Ghostbusters II;$215,394,738;$112,494,738;47.8%;1989
The Patriot;$215,294,342;$113,330,342;47.4%;2000
The Sorcerer's Apprentice;$215,283,742;$63,150,991;70.7%;2010
Just Go with It;$214,945,591;$103,028,109;52.1%;2011
The Expendables 3;$214,657,577;$39,322,544;81.7%;2014
Dirty Dancing;$214,577,242;$64,577,242;69.9%;1987
Creed II;$214,215,889;$115,715,889;46%;2018
Public Enemies;$214,104,620;$97,104,620;54.6%;2009
The Bourne Identity;$214,034,224;$121,661,683;43.2%;2002
Disclosure;$214,015,089;$83,015,089;61.2%;1994
Crouching Tiger, Hidden Dragon;$213,978,518;$128,530,421;39.9%;2000
Pulp Fiction;$213,928,762;$107,928,762;49.6%;1994
The Aviator;$213,719,942;$102,610,330;52%;2004
Braveheart;$213,216,216;$75,609,945;64.5%;1995
Into the Woods;$212,902,959;$128,002,372;39.9%;2014
Bedtime Stories;$212,874,864;$110,101,975;48.3%;2008
Arrival;$212,758,656;$100,546,139;52.7%;2016
Miss Congeniality;$212,742,720;$106,807,667;49.8%;2000
Entrapment;$212,404,396;$87,704,396;58.7%;1999
Ace Ventura: When Nature Calls;$212,385,533;$108,385,533;49%;1995
End of Days;$211,989,043;$66,889,043;68.4%;1999
Bridget Jones's Baby;$211,952,420;$24,252,420;88.6%;2016
Fury;$211,822,697;$85,817,906;59.5%;2014
Battle Los Angeles;$211,819,354;$83,552,429;60.6%;2011
Australia;$211,788,761;$49,554,002;76.6%;2008
Due Date;$211,780,824;$100,539,043;52.5%;2010
Master and Commander: The Far Side of the World;$211,622,535;$93,927,920;55.6%;2003
A Series of Unfortunate Events;$211,468,235;$118,634,549;43.9%;2004
The Little Mermaid;$211,343,479;$111,543,479;47.2%;1989
Nice View;$211,019,042;-;100%;2022
District 9;$210,888,950;$115,646,235;45.2%;2009
Moonraker;$210,308,099;$70,308,099;66.6%;1979
The Others;$210,002,906;$96,578,502;54%;2001
Horrible Bosses;$209,838,559;$117,538,559;44%;2011
Trolls Band Together;$209,372,790;$102,996,915;50.8%;2023
Us and Them;$209,221,380;-;100%;2018
Red Dragon;$209,196,298;$93,149,898;55.5%;2002
Tomorrowland;$209,035,668;$93,436,322;55.3%;2015
Me Before You;$208,445,075;$56,245,075;73%;2016
Safe House;$208,076,205;$126,373,434;39.3%;2012
S.W.A.T.;$207,725,639;$116,934,650;43.7%;2003
DC League of Super-Pets;$207,557,117;$93,657,117;54.9%;2022
The Fast and the Furious;$207,517,995;$144,745,925;30.2%;2001
Traffic;$207,515,725;$124,115,725;40.2%;2000
Paranormal Activity 3;$207,039,844;$104,028,807;49.8%;2011
Philadelphia;$206,678,440;$77,446,440;62.5%;1993
The Conjuring: The Devil Made Me Do It;$206,431,050;$65,631,050;68.2%;2021
Joker: Folie à Deux;$206,400,287;$58,300,287;71.8%;2024
The Marvels;$206,136,825;$84,500,223;59%;2023
Sleepy Hollow;$206,071,526;$101,071,502;51%;1999
Ponyo;$205,904,024;$16,543,471;92%;2008
The Holiday;$205,891,960;$63,224,849;69.3%;2006
The Jungle Book;$205,843,612;$141,843,612;31.1%;
Raging Fire;$205,842,393;$385,305;99.8%;2021
London Has Fallen;$205,754,447;$62,524,260;69.6%;2016
The Break-Up;$205,668,210;$118,703,275;42.3%;2006
Journey to the West: Conquering the Demons;$205,637,183;$18,058;100%;2013
The Ugly Truth;$205,599,393;$88,915,214;56.8%;2009
Birds of Prey;$205,537,933;$84,172,791;59%;2020
JFK;$205,405,498;$70,405,498;65.7%;1991
White House Down;$205,366,737;$73,103,784;64.4%;2013
Dungeons & Dragons: Honor Among Thieves;$205,187,763;$93,277,026;54.5%;2023
A Dog's Purpose;$205,035,819;$64,508,620;68.5%;2017
PAW Patrol: The Mighty Movie;$204,986,920;$65,231,360;68.2%;2023
Fun with Dick and Jane;$204,681,899;$110,332,737;46.1%;2005
Eat Pray Love;$204,596,571;$80,574,010;60.6%;2010
The Addams Family;$204,394,183;$100,723,831;50.7%;2019
Ghostbusters: Afterlife;$204,334,455;$129,360,575;36.7%;2021
You Don't Mess with the Zohan;$204,313,400;$100,018,837;51%;2008
Hairspray;$203,630,031;$118,946,291;41.6%;2007
King Arthur;$203,567,857;$51,882,244;74.5%;2004
Yogi Bear;$203,509,374;$100,246,011;50.7%;2010
Everest;$203,427,584;$43,482,270;78.6%;2015
Vanilla Sky;$203,388,341;$100,618,344;50.5%;2001
Need for Speed;$203,277,636;$43,577,636;78.6%;2014
Garfield: The Movie;$203,172,417;$75,369,589;62.9%;2004
Patch Adams;$202,292,902;$135,026,902;33.2%;1998
Teenage Mutant Ninja Turtles;$202,084,756;$135,384,756;33%;1990
Kindergarten Cop;$201,957,688;$91,457,688;54.7%;1990
Ghostbusters: Frozen Empire;$201,856,657;$113,376,590;43.8%;2024
Straight Outta Compton;$201,634,991;$161,197,785;20%;2015
21 Jump Street;$201,585,556;$138,447,667;31.3%;2012
Valkyrie;$201,545,517;$83,077,833;58.8%;2008
Open Season;$200,811,689;$85,105,259;57.6%;2006
Cats & Dogs;$200,687,492;$93,385,515;53.5%;2001
The Hunt for Red October;$200,512,643;$122,012,643;39.2%;1990
Percy Jackson: Sea of Monsters;$199,850,315;$68,559,554;65.7%;2013
The Lego Movie 2: The Second Part;$199,603,202;$105,956,290;46.9%;2019
Two Weeks Notice;$199,043,471;$93,354,851;53.1%;2002
RED;$199,006,387;$90,380,162;54.6%;2010
Shock Wave 2;$198,921,659;-;100%;2020
City of Angels;$198,685,114;$78,685,114;60.4%;1998
The Pacifier;$198,636,868;$113,086,868;43.1%;2005
50 First Dates;$198,520,934;$120,908,074;39.1%;2004
Total Recall;$198,467,607;$58,877,969;70.3%;2012
The Island;$198,326,350;$670,883;99.7%;2018
The Impossible;$198,087,212;$19,019,882;90.4%;2012
Lost in Thailand;$197,757,387;$57,387;100%;2012
Christopher Robin;$197,744,825;$99,215,042;49.8%;2018
Jack the Giant Slayer;$197,687,603;$65,187,603;67%;2013
Smurfs: The Lost Village;$197,183,546;$45,020,282;77.2%;2017
Chinese Doctors;$197,143,218;-;100%;2021
Spy Kids 3: Game Over;$197,101,678;$111,761,982;43.3%;2003
Panic Room;$197,079,546;$96,397,334;51.1%;2002
The Other Woman;$196,710,396;$83,911,193;57.3%;2014
Stargate;$196,567,262;$71,567,262;63.6%;1994
Beowulf;$196,393,745;$82,280,579;58.1%;2007
The Vow;$196,114,570;$125,014,030;36.2%;2012
Anger Management;$195,745,823;$135,645,823;30.7%;2003
Tropic Thunder;$195,703,351;$110,515,313;43.5%;2008
Rocketman;$195,320,400;$96,368,160;50.7%;2019
The Pelican Brief;$195,268,056;$100,768,056;48.4%;1993
The Shape of Water;$195,243,464;$63,859,435;67.3%;2017
The BFG;$195,243,411;$55,483,770;71.6%;2016
Wicked;$194,926,510;$144,925,510;25.6%;2024
The Intern;$194,764,672;$75,764,672;61.1%;2015
Gnomeo & Juliet;$193,967,670;$99,967,670;48.5%;2011
Downton Abbey;$194,694,725;$96,853,865;50.2%;2019
The Sum of All Fears;$193,921,372;$118,907,036;38.7%;2002
Gangs of New York;$193,772,504;$77,812,000;59.8%;2002
The Post;$193,764,664;$81,903,458;57.7%;2017
The Monkey King 2;$193,678,298;$709,982;99.6%;2016
Paranormal Activity;$193,355,933;$107,918,810;44.2%;2009
Weathering with You;$192,495,409;$8,056,636;95.8%;2019
The Lost City;$192,907,684;$105,344,029;45.4%;2022
Wallace & Gromit: The Curse of the Were-Rabbit;$192,705,291;$56,110,897;70.9%;2005
The Equalizer;$192,330,738;$101,530,738;47.2%;2014
Sheep Without a Shepherd;$191,602,146;-;100%;2019
The Addams Family;$191,502,426;$113,502,426;40.7%;1991
The Longest Yard;$191,466,556;$158,119,460;17.4%;2005
Cheaper by the Dozen;$190,538,630;$138,614,544;27.2%;2003
The Equalizer 3;$191,067,560;$92,373,751;51.6%;2023
The Santa Clause;$190,539,357;$145,539,357;23.6%;1994
The Equalizer 2;$190,400,157;$102,084,362;46.4%;2018
IF;$190,309,707;$111,149,917;41.6%;2024
Outbreak;$189,859,560;$67,659,560;64.4%;1995
Hollow Man;$190,213,455;$73,209,340;61.5%;2000
Abominable;$190,304,772;$61,270,390;67.8%;2019
The White Storm 2: Drug Lords;$189,396,380;$609,461;99.7%;2019
The X Files;$189,176,423;$83,898,313;55.6%;1998
Insidious: The Red Door;$189,086,877;$82,156,962;56.6%;2023
Breakup Buddies;$189,017,596;$777,896;99.6%;2014
Rambo III;$189,015,611;$53,715,611;71.6%;1988
The Secret Life of Walter Mitty;$188,133,322;$58,236,838;69%;2013
Project Gutenberg;$188,116,796;-;100%;2018
Jaws 2;$187,884,007;$81,766,007;56.5%;1978
12 Years a Slave;$187,734,091;$56,671,993;69.8%;2013
Heat;$187,436,818;$67,436,818;64%;1995
Mr. Popper's Penguins;$187,361,754;$68,224,452;63.6%;2011
The Horse Whisperer;$186,883,563;$75,383,563;59.7%;1998
I Now Pronounce You Chuck & Larry;$187,134,117;$120,059,556;35.8%;2007
The Grudge;$187,281,115;$110,359,362;41.1%;2004
Walk the Line;$186,797,986;$119,519,402;36%;2005
Jian Bing Man;$186,699,768;-;100%;2015
The Jungle Book 2;$186,303,759;$47,901,582;74.3%;2003
The Final Destination;$186,167,139;$66,477,700;64.3%;2009
Stand by Me Doraemon;$186,088,951;-;100%;2014
Atlantis: The Lost Empire;$186,053,725;$84,056,472;54.8%;2001
